<beans xmlns="http://www.springframework.org/schema/beans"
xmlns:xsi="http://www.w3.org/2001/XMLSchema-instance" xmlns:context="http://www.springframework.org/schema/context"
xsi:schemaLocation="http://www.springframework.org/schema/beans
    http://www.springframework.org/schema/beans/spring-beans-3.0.xsd
    http://www.springframework.org/schema/context
    http://www.springframework.org/schema/context/spring-context-3.0.xsd">
    
    <bean class="com.main.Student" id="Stu">
    	<property name="StuId" value="1"></property>
    	<property name="StuName" value="Agnes"></property>
    	<property name="StuMarks" value="20"></property>
    </bean>
    
    <bean class="com.main.Student" id="Stu1">
    	<constructor-arg value="2"></constructor-arg>
    	<constructor-arg value="Libisha"></constructor-arg>
    	<constructor-arg value="20"></constructor-arg>
    </bean>
</beans>