<beans xmlns="http://www.springframework.org/schema/beans"
xmlns:xsi="http://www.w3.org/2001/XMLSchema-instance" xmlns:context="http://www.springframework.org/schema/context"
xsi:schemaLocation="http://www.springframework.org/schema/beans
    http://www.springframework.org/schema/beans/spring-beans-3.0.xsd
    http://www.springframework.org/schema/context
    http://www.springframework.org/schema/context/spring-context-3.0.xsd">
    <context:annotation-config></context:annotation-config>
    <bean class="com.main.Person" id="per">
    <property name="pid" value="1"></property>
     <property name="pFname" value="Agnes"></property>
      <property name="pLname" value="Libisha"></property>
    <!--   <property name="add" ref="add1"></property> -->
    </bean>
   
   <bean class="com.main.Address" id="add">
    <property name="hno" value="1"></property>
     <property name="colony" value="Dharavi"></property>
      <property name="city" value="Mumbai"></property>
     
    </bean>
</beans>