<beans xmlns="http://www.springframework.org/schema/beans"
xmlns:xsi="http://www.w3.org/2001/XMLSchema-instance" xmlns:context="http://www.springframework.org/schema/context"
xsi:schemaLocation="http://www.springframework.org/schema/beans
    http://www.springframework.org/schema/beans/spring-beans-3.0.xsd
    http://www.springframework.org/schema/context
    http://www.springframework.org/schema/context/spring-context-3.0.xsd">
    <context:annotation-config></context:annotation-config>
    <bean class="com.main.Person" id="per">
    <constructor-arg name="pid" value="1"></constructor-arg>
     <constructor-arg name="pFname" value="Agnes"></constructor-arg>
      <constructor-arg name="pLname" value="Libisha"></constructor-arg>
    <!--   <constructor-arg name="add" ref="add1"></constructor-arg> -->
    </bean>
   
   <bean class="com.main.Address" id="add">
    <constructor-arg value="1"></constructor-arg>
     <constructor-arg value="Dharavi"></constructor-arg>
      <constructor-arg value="Mumbai"></constructor-arg>
     
    </bean>
</beans>