<beans xmlns="http://www.springframework.org/schema/beans"
xmlns:xsi="http://www.w3.org/2001/XMLSchema-instance" xmlns:context="http://www.springframework.org/schema/context"
xsi:schemaLocation="http://www.springframework.org/schema/beans
    http://www.springframework.org/schema/beans/spring-beans-3.0.xsd
    http://www.springframework.org/schema/context
    http://www.springframework.org/schema/context/spring-context-3.0.xsd">
    
    <bean class="com.first.Employee" id="emp"><!-- id means object creation,id takes reference value -->
    	<constructor-arg  value="1"></constructor-arg>
    	<constructor-arg  value="Agnes"></constructor-arg>
    </bean>
    <bean class="com.first.Employee" id="emp1">
    	<property name="eid" value="2"></property>
    	<property name="ename" value="Agnes Libi"></property>
    	
    </bean>
    
</beans>