<beans xmlns="http://www.springframework.org/schema/beans"
xmlns:xsi="http://www.w3.org/2001/XMLSchema-instance" xmlns:context="http://www.springframework.org/schema/context"
xsi:schemaLocation="http://www.springframework.org/schema/beans
    http://www.springframework.org/schema/beans/spring-beans-3.0.xsd
    http://www.springframework.org/schema/context
    http://www.springframework.org/schema/context/spring-context-3.0.xsd">
    
    <bean class="com.first.Employee" id="emp"><!-- id means object creation,id takes reference value -->
    	<property name="eid" value="1"></property>
    	<property name="ename" value="Agnes"></property>
    	<property name="add" ref="add1"></property>
    	<property name="tadd" ref="add2"></property>
    </bean>
    
    <bean class="com.first.Address" id="add1"><!-- id means object creation,id takes reference value -->
    	<property name="hno" value="1"></property>
    	<property name="colony" value="abc"></property>
    	<property name="city" value="love"></property>
    	
    	
    </bean>
    
    <bean class="com.first.Taddress" id="add2"><!-- id means object creation,id takes reference value -->
    	<property name="hno1" value="2"></property>
    	<property name="colony1" value="abcd"></property>
    	<property name="city1" value="love2"></property>
    </bean>
</beans>