<beans xmlns="http://www.springframework.org/schema/beans"
xmlns:xsi="http://www.w3.org/2001/XMLSchema-instance" xmlns:context="http://www.springframework.org/schema/context"
xsi:schemaLocation="http://www.springframework.org/schema/beans
    http://www.springframework.org/schema/beans/spring-beans-3.0.xsd
    http://www.springframework.org/schema/context
    http://www.springframework.org/schema/context/spring-context-3.0.xsd">
    <context:annotation-config></context:annotation-config>
    
    <bean class="com.first.Employee" id="emp" ><!-- id means object creation,id takes reference value -->
    	<constructor-arg name="eid" value="1"></constructor-arg>
    	<constructor-arg name="ename" value="Agnes"></constructor-arg>
   </bean>
   
    <bean class="com.first.Address" id="add">
    <constructor-arg name="hno" value="1"></constructor-arg>
    <constructor-arg name="colony" value="abc"></constructor-arg>
    <constructor-arg name="city" value="gdfg"></constructor-arg>
    </bean>
    
</beans>