<beans xmlns="http://www.springframework.org/schema/beans"
	xmlns:xsi="http://www.w3.org/2001/XMLSchema-instance" xmlns:context="http://www.springframework.org/schema/context"
	xsi:schemaLocation="http://www.springframework.org/schema/beans
    http://www.springframework.org/schema/beans/spring-beans-3.0.xsd
    http://www.springframework.org/schema/context
    http://www.springframework.org/schema/context/spring-context-3.0.xsd">

	<bean class="com.first.Employee" id="emp"><!-- id means object creation,id 
			takes reference value -->
		<property name="eid" value="1"></property>
		<property name="ename" value="City Of Mumbai"></property>


		<property name="eadd">
			<list>
				<value>Sion</value>
				<value>Dharavi</value>
				<value>Matunga</value>
				<value>Sion</value>
			</list>


		</property>
	</bean>

</beans>