<beans xmlns="http://www.springframework.org/schema/beans"
xmlns:xsi="http://www.w3.org/2001/XMLSchema-instance" xmlns:context="http://www.springframework.org/schema/context"
xsi:schemaLocation="http://www.springframework.org/schema/beans
    http://www.springframework.org/schema/beans/spring-beans-3.0.xsd
    http://www.springframework.org/schema/context
    http://www.springframework.org/schema/context/spring-context-3.0.xsd">
    <context:annotation-config></context:annotation-config>
    
    <bean class="com.first.Employee" id="emp"><!-- id means object creation,id takes reference value -->
    	<property name="eid" value="1"></property>
    	<property name="ename" value="Agnes"></property>
    	
    </bean>
    
    <bean class="com.first.Address" id="add">
    <property name="hno" value="1"></property>
    <property name="colony" value="abc"></property>
    <property name="city" value="gdfg"></property>
    </bean>
    
</beans>