<beans xmlns="http://www.springframework.org/schema/beans"
xmlns:xsi="http://www.w3.org/2001/XMLSchema-instance" xmlns:context="http://www.springframework.org/schema/context"
xsi:schemaLocation="http://www.springframework.org/schema/beans
    http://www.springframework.org/schema/beans/spring-beans-3.0.xsd
    http://www.springframework.org/schema/context
    http://www.springframework.org/schema/context/spring-context-3.0.xsd">
 <bean class="com.first.Employee" id="emp"><!--  Employee emp= new Employee() -->
 <property name="eid" value="123"></property>
 <property name="ename" value="Libisha"></property>
 <property name="esal" value="1"></property>
 <property name="address">
 <map>
 <entry key="WestBengal" value="Kolkata"></entry>
 <entry key="Maharashtra" value="Mumbai"></entry>


 </map>
 </property>
 </bean>
</beans>