<beans xmlns="http://www.springframework.org/schema/beans"
xmlns:xsi="http://www.w3.org/2001/XMLSchema-instance" xmlns:context="http://www.springframework.org/schema/context"
xsi:schemaLocation="http://www.springframework.org/schema/beans
    http://www.springframework.org/schema/beans/spring-beans-3.0.xsd
    http://www.springframework.org/schema/context
    http://www.springframework.org/schema/context/spring-context-3.0.xsd">
    
    <bean class="com.first.Employee" id="emp" autowire="constructor"><!-- auto wiring concept=in byName it should have id same and byType should have same class name -->
    	<constructor-arg name="eid" value="1"></constructor-arg>
    	<constructor-arg name="ename" value="Agnes"></constructor-arg>
    	<!-- <constructor-arg name="add" ref="add1"></constructor-arg>
    	<constructor-arg name="tadd" ref="add2"></constructor-arg> -->
    </bean>
    
    <bean class="com.first.Address" id="add"><!-- id means object creation,id takes reference value -->
    	<constructor-arg name="hno" value="1"></constructor-arg>
    	<constructor-arg name="colony" value="abc"></constructor-arg>
    	<constructor-arg name="city" value="love"></constructor-arg>
    	
    	
    </bean>
    
    <bean class="com.first.Taddress" id="tadd"><!-- id means object creation,id takes reference value -->
    	<constructor-arg name="hno1" value="2"></constructor-arg>
    	<constructor-arg name="colony1" value="abcd"></constructor-arg>
    	<constructor-arg name="city1" value="love2"></constructor-arg>
    </bean>
</beans>